{
  "created": "2022-01-08T22:58:06.983Z",
  "updated": "2022-01-08T22:58:57.261Z",
  "rvn": 1,
  "wipeNumber": 1,
  "accountId": "",
  "profileId": "athena",
  "version": "no_version",
  "items": {
    "sandbox_loadout": {
      "templateId": "CosmeticLocker:cosmeticlocker_athena",
      "attributes": {
        "locker_slots_data": {
          "slots": {
            "Pickaxe": {
              "items": [
                "AthenaPickaxe:DefaultPickaxe"
              ],
              "activeVariants": []
            },
            "Dance": {
              "items": [
                "",
                "",
                "",
                "",
                "",
                ""
              ]
            },
            "Glider": {
              "items": [
                "AthenaGlider:DefaultGlider"
              ]
            },
            "Character": {
              "items": [
                "AthenaCharacter:CID_001_Athena_Commando_F_Default"
              ],
              "activeVariants": [
                {
                  "variants": []
                }
              ]
            },
            "Backpack": {
              "items": [
                ""
              ],
              "activeVariants": [
                {
                  "variants": []
                }
              ]
            },
            "ItemWrap": {
              "items": [
                "",
                "",
                "",
                "",
                "",
                "",
                ""
              ],
              "activeVariants": [
                null,
                null,
                null,
                null,
                null,
                null,
                null
              ]
            },
            "LoadingScreen": {
              "items": [
                ""
              ],
              "activeVariants": [
                null
              ]
            },
            "MusicPack": {
              "items": [
                ""
              ],
              "activeVariants": [
                null
              ]
            },
            "SkyDiveContrail": {
              "items": [
                ""
              ],
              "activeVariants": [
                null
              ]
            }
          }
        },
        "use_count": 1,
        "banner_icon_template": "",
        "locker_name": "",
        "banner_color_template": "",
        "item_seen": false,
        "favorite": false
      },
      "quantity": 1
    },
    "reload0-loadout": {
      "templateId": "CosmeticLocker:cosmeticlocker_athena",
      "attributes": {
        "locker_slots_data": {
          "slots": {
            "Pickaxe": {
              "items": [
                ""
              ],
              "activeVariants": []
            },
            "Dance": {
              "items": [
                "",
                "",
                "",
                "",
                "",
                ""
              ]
            },
            "Glider": {
              "items": [
                ""
              ]
            },
            "Character": {
              "items": [
                ""
              ],
              "activeVariants": [
                {
                  "variants": []
                }
              ]
            },
            "Backpack": {
              "items": [
                ""
              ],
              "activeVariants": [
                {
                  "variants": []
                }
              ]
            },
            "ItemWrap": {
              "items": [
                "",
                "",
                "",
                "",
                "",
                "",
                ""
              ],
              "activeVariants": [
                null,
                null,
                null,
                null,
                null,
                null,
                null
              ]
            },
            "LoadingScreen": {
              "items": [
                ""
              ],
              "activeVariants": [
                null
              ]
            },
            "MusicPack": {
              "items": [
                ""
              ],
              "activeVariants": [
                null
              ]
            },
            "SkyDiveContrail": {
              "items": [
                ""
              ],
              "activeVariants": [
                null
              ]
            }
          }
        },
        "use_count": 1,
        "banner_icon_template": "",
        "locker_name": "LUMINA",
        "banner_color_template": "",
        "item_seen": false,
        "favorite": false
      },
      "quantity": 1
    },
    "AthenaCharacter:CID_001_Athena_Commando_F_Default": {
      "attributes": {
        "favorite": false,
        "item_seen": true,
        "level": 0,
        "max_level_bonus": 0,
        "rnd_sel_cnt": 0,
        "variants": [],
        "xp": 0
      },
      "templateId": "AthenaCharacter:CID_001_Athena_Commando_F_Default"
    },
    "AthenaCharacter:CID_002_Athena_Commando_F_Default": {
      "attributes": {
        "favorite": false,
        "item_seen": true,
        "level": 0,
        "max_level_bonus": 0,
        "rnd_sel_cnt": 0,
        "variants": [],
        "xp": 0
      },
      "templateId": "AthenaCharacter:CID_002_Athena_Commando_F_Default"
    },
    "AthenaCharacter:CID_003_Athena_Commando_F_Default": {
      "attributes": {
        "favorite": false,
        "item_seen": true,
        "level": 0,
        "max_level_bonus": 0,
        "rnd_sel_cnt": 0,
        "variants": [],
        "xp": 0
      },
      "templateId": "AthenaCharacter:CID_003_Athena_Commando_F_Default"
    },
    "AthenaCharacter:CID_004_Athena_Commando_F_Default": {
      "attributes": {
        "favorite": false,
        "item_seen": true,
        "level": 0,
        "max_level_bonus": 0,
        "rnd_sel_cnt": 0,
        "variants": [],
        "xp": 0
      },
      "templateId": "AthenaCharacter:CID_004_Athena_Commando_F_Default"
    },
    "AthenaCharacter:CID_005_Athena_Commando_M_Default": {
      "attributes": {
        "favorite": false,
        "item_seen": true,
        "level": 0,
        "max_level_bonus": 0,
        "rnd_sel_cnt": 0,
        "variants": [],
        "xp": 0
      },
      "templateId": "AthenaCharacter:CID_005_Athena_Commando_M_Default"
    },
    "AthenaCharacter:CID_006_Athena_Commando_M_Default": {
      "attributes": {
        "favorite": false,
        "item_seen": true,
        "level": 0,
        "max_level_bonus": 0,
        "rnd_sel_cnt": 0,
        "variants": [],
        "xp": 0
      },
      "templateId": "AthenaCharacter:CID_006_Athena_Commando_M_Default"
    },
    "AthenaCharacter:CID_007_Athena_Commando_M_Default": {
      "attributes": {
        "favorite": false,
        "item_seen": true,
        "level": 0,
        "max_level_bonus": 0,
        "rnd_sel_cnt": 0,
        "variants": [],
        "xp": 0
      },
      "templateId": "AthenaCharacter:CID_007_Athena_Commando_M_Default"
    },
    "AthenaCharacter:CID_008_Athena_Commando_M_Default": {
      "attributes": {
        "favorite": false,
        "item_seen": true,
        "level": 0,
        "max_level_bonus": 0,
        "rnd_sel_cnt": 0,
        "variants": [],
        "xp": 0
      },
      "templateId": "AthenaCharacter:CID_008_Athena_Commando_M_Default"
    },
    "AthenaCharacter:CID_556_Athena_Commando_F_RebirthDefaultA": {
      "attributes": {
        "favorite": false,
        "item_seen": true,
        "level": 0,
        "max_level_bonus": 0,
        "rnd_sel_cnt": 0,
        "variants": [],
        "xp": 0
      },
      "templateId": "AthenaCharacter:CID_556_Athena_Commando_F_RebirthDefaultA"
    },
    "AthenaCharacter:CID_557_Athena_Commando_F_RebirthDefaultB": {
      "attributes": {
        "favorite": false,
        "item_seen": true,
        "level": 0,
        "max_level_bonus": 0,
        "rnd_sel_cnt": 0,
        "variants": [],
        "xp": 0
      },
      "templateId": "AthenaCharacter:CID_557_Athena_Commando_F_RebirthDefaultB"
    },
    "AthenaCharacter:CID_558_Athena_Commando_F_RebirthDefaultC": {
      "attributes": {
        "favorite": false,
        "item_seen": true,
        "level": 0,
        "max_level_bonus": 0,
        "rnd_sel_cnt": 0,
        "variants": [],
        "xp": 0
      },
      "templateId": "AthenaCharacter:CID_558_Athena_Commando_F_RebirthDefaultC"
    },
    "AthenaCharacter:CID_559_Athena_Commando_F_RebirthDefaultD": {
      "attributes": {
        "favorite": false,
        "item_seen": true,
        "level": 0,
        "max_level_bonus": 0,
        "rnd_sel_cnt": 0,
        "variants": [],
        "xp": 0
      },
      "templateId": "AthenaCharacter:CID_559_Athena_Commando_F_RebirthDefaultD"
    },
    "AthenaCharacter:CID_560_Athena_Commando_M_RebirthDefaultA": {
      "attributes": {
        "favorite": false,
        "item_seen": true,
        "level": 0,
        "max_level_bonus": 0,
        "rnd_sel_cnt": 0,
        "variants": [],
        "xp": 0
      },
      "templateId": "AthenaCharacter:CID_560_Athena_Commando_M_RebirthDefaultA"
    },
    "AthenaCharacter:CID_561_Athena_Commando_M_RebirthDefaultB": {
      "attributes": {
        "favorite": false,
        "item_seen": true,
        "level": 0,
        "max_level_bonus": 0,
        "rnd_sel_cnt": 0,
        "variants": [],
        "xp": 0
      },
      "templateId": "AthenaCharacter:CID_561_Athena_Commando_M_RebirthDefaultB"
    },
    "AthenaCharacter:CID_562_Athena_Commando_M_RebirthDefaultC": {
      "attributes": {
        "favorite": false,
        "item_seen": true,
        "level": 0,
        "max_level_bonus": 0,
        "rnd_sel_cnt": 0,
        "variants": [],
        "xp": 0
      },
      "templateId": "AthenaCharacter:CID_562_Athena_Commando_M_RebirthDefaultC"
    },
    "AthenaCharacter:CID_563_Athena_Commando_M_RebirthDefaultD": {
      "attributes": {
        "favorite": false,
        "item_seen": true,
        "level": 0,
        "max_level_bonus": 0,
        "rnd_sel_cnt": 0,
        "variants": [],
        "xp": 0
      },
      "templateId": "AthenaCharacter:CID_563_Athena_Commando_M_RebirthDefaultD"
    },
    "AthenaCharacter:cid_a_272_athena_commando_f_prime": {
      "attributes": {
        "favorite": false,
        "item_seen": true,
        "level": 0,
        "max_level_bonus": 0,
        "rnd_sel_cnt": 0,
        "variants": [],
        "xp": 0
      },
      "templateId": "AthenaCharacter:cid_a_272_athena_commando_f_prime"
    },
    "AthenaPickaxe:DefaultPickaxe": {
      "attributes": {
        "favorite": false,
        "item_seen": true,
        "level": 0,
        "max_level_bonus": 0,
        "rnd_sel_cnt": 0,
        "variants": [],
        "xp": 0
      },
      "templateId": "AthenaPickaxe:DefaultPickaxe"
    },
    "AthenaGlider:DefaultGlider": {
      "attributes": {
        "favorite": false,
        "item_seen": true,
        "level": 0,
        "max_level_bonus": 0,
        "rnd_sel_cnt": 0,
        "variants": [],
        "xp": 0
      },
      "templateId": "AthenaGlider:DefaultGlider"
    },
    "AthenaDance:EID_DanceMoves": {
      "attributes": {
        "favorite": false,
        "item_seen": true,
        "level": 0,
        "max_level_bonus": 0,
        "rnd_sel_cnt": 0,
        "variants": [],
        "xp": 0
      },
      "templateId": "AthenaDance:EID_DanceMoves"
    },
    "S33_GIFTS": {
      "templateId": "AthenaRewardGraph:s33_winterfest",
      "attributes": {
        "reward_nodes_claimed": [],
        "unlock_epoch": "2024-12-19T14:00:00.000Z",
        "unlock_keys_used": 0,
        "player_random_seed": -2143043306,
        "item_seen": false,
        "player_state": [],
        "reward_graph_purchased_timestamp": 1639693875638,
        "reward_graph_purchased": true,
        "reward_keys": [
          {
            "static_key_template_id": "Token:athena_s33_winterfest_key",
            "static_key_max_count": 14,
            "static_key_initial_count": 0,
            "unlock_keys_used": 0
          }
        ]
      },
      "quantity": 1
    },
    "S33_GIFT_KEY": {
      "templateId": "Token:athena_s33_winterfest_key",
      "attributes": {
        "max_level_bonus": 0,
        "level": 1,
        "item_seen": false,
        "xp": 0,
        "favorite": false
      },
      "quantity": 14
    },
    "S23_GIFTS": {
      "templateId": "AthenaRewardGraph:s23_winterfest",
      "attributes": {
        "reward_nodes_claimed": [],
        "unlock_epoch": "2022-12-12T14:00:00.000Z",
        "unlock_keys_used": 0,
        "player_random_seed": -2143043306,
        "item_seen": false,
        "player_state": [],
        "reward_graph_purchased_timestamp": 1639693875638,
        "reward_graph_purchased": true,
        "reward_keys": [
          {
            "static_key_template_id": "Token:athena_s23_winterfest_key",
            "static_key_max_count": 14,
            "static_key_initial_count": 0,
            "unlock_keys_used": 0
          }
        ]
      },
      "quantity": 1
    },
    "S23_GIFT_KEY": {
      "templateId": "Token:athena_s23_winterfest_key",
      "attributes": {
        "max_level_bonus": 0,
        "level": 1,
        "item_seen": false,
        "xp": 0,
        "favorite": false
      },
      "quantity": 14
    },
    "S19_GIFTS": {
    "templateId": "AthenaRewardGraph:s19_winterfest",
    "attributes": {
      "reward_nodes_claimed": [],
      "unlock_epoch": "2021-12-16T13:52:10.000Z",
      "unlock_keys_used": 0,
      "player_random_seed": -2143043306,
      "item_seen": false,
      "player_state": [],
      "reward_graph_purchased_timestamp": 1639693875638,
      "reward_graph_purchased": true,
      "reward_keys": [
        {
          "static_key_template_id": "Token:athena_s19_winterfest_key",
          "static_key_max_count": 14,
          "static_key_initial_count": 1,
          "unlock_keys_used": 0
        }
      ]
    },
    "quantity": 1
  },
  "S19_GIFT_KEY": {
    "templateId": "Token:athena_s19_winterfest_key",
    "attributes": {
      "max_level_bonus": 0,
      "level": 1,
      "item_seen": false,
      "xp": 0,
      "favorite": false
    },
    "quantity": 14
  },
  "S11_GIFTS": {
    "templateId": "AthenaRewardGraph:winterfest",
    "attributes": {
      "reward_nodes_claimed": [],
      "unlock_epoch": "2021-12-16T13:52:10.000Z",
      "unlock_keys_used": 0,
      "player_random_seed": -2143043306,
      "item_seen": false,
      "player_state": [],
      "reward_graph_purchased_timestamp": 1639693875638,
      "reward_graph_purchased": true,
      "reward_keys": [
        {
          "static_key_template_id": "Token:athenawinterfest_key",
          "static_key_max_count": 14,
          "static_key_initial_count": 1,
          "unlock_keys_used": 0
        }
      ]
    },
    "quantity": 1
  },
  "S11_GIFT_KEY": {
    "templateId": "Token:athenawinterfest_key",
    "attributes": {
      "max_level_bonus": 0,
      "level": 1,
      "item_seen": false,
      "xp": 0,
      "favorite": false
    },
    "quantity": 14
  },
  "AthenaRewardEventGraphCosmetic:REG_ID_001_Winterfest": {
    "templateId": "AthenaRewardEventGraphCosmetic:REG_ID_001_Winterfest",
    "attributes": {
      "max_level_bonus": 0,
      "level": 1,
      "item_seen": 1,
      "xp": 0,
      "variants": [
        {
          "channel": "RibbonType",
          "active": "Mat1",
          "owned": [
            "Mat1",
            "Mat2"
          ]
        },
        {
          "channel": "RibbonColor",
          "active": "Mat1",
          "owned": [
            "Mat1",
            "Mat2",
            "Mat3",
            "Mat4",
            "Mat5",
            "Mat6",
            "Mat7"
          ]
        },
        {
          "channel": "WrappingColor",
          "active": "Mat1",
          "owned": [
            "Mat1",
            "Mat2",
            "Mat3",
            "Mat4",
            "Mat5",
            "Mat6"
          ]
        },
        {
          "channel": "NameTag",
          "active": "Mat1",
          "owned": [
            "Mat1",
            "Mat2",
            "Mat3",
            "Mat4",
            "Mat5",
            "Mat6"
          ]
        },
        {
          "channel": "WrappingStyle",
          "active": "Mat1",
          "owned": [
            "Mat1",
            "Mat2",
            "Mat3"
          ]
        },
        {
          "channel": "Random",
          "active": "Stage1",
          "owned": [
            "Stage1",
            "Stage2",
            "Stage3",
            "Stage4",
            "Stage5",
            "Stage6",
            "Stage7"
          ]
        },
        {
          "channel": "Defined",
          "active": "Stage1",
          "owned": [
            "Stage1",
            "Stage2",
            "Stage3",
            "Stage4",
            "Stage8"
          ]
        }
      ],
      "favorite": false
    },
    "quantity": 1
  },
  "Quest:quest_s11_discover_landmarks": {
      "templateId": "Quest:quest_s11_discover_landmarks",
      "attributes": {
        "creation_time": "2018-04-30T00:00:00.000Z",
        "level": -1,
        "item_seen": true,
        "playlists": [],
        "sent_new_notification": true,
        "challenge_bundle_id": "",
        "xp_reward_scalar": 1,
        "challenge_linked_quest_given": "",
        "quest_pool": "",
        "quest_state": "Claimed",
        "bucket": "",
        "last_state_change_time": "2018-04-30T00:00:00.000Z",
        "challenge_linked_quest_parent": "",
        "max_level_bonus": 0,
        "xp": 0,
        "quest_rarity": "uncommon",
        "favorite": false,
        "completion_visit_landmark_crashedairplane": 2,
        "completion_visit_landmark_angryapples": 1,
        "completion_visit_landmark_campcod": 2,
        "completion_visit_landmark_coralcove": 2,
        "completion_visit_landmark_lighthouse": 2,
        "completion_visit_landmark_fortruin": 2,
        "completion_visit_landmark_beachsidemansion": 2,
        "completion_visit_landmark_digsite": 1,
        "completion_visit_landmark_bonfirecampsite": 2,
        "completion_visit_landmark_riskyreels": 4,
        "completion_visit_landmark_radiostation": 1,
        "completion_visit_landmark_scrapyard": 2,
        "completion_visit_landmark_powerdam": 2,
        "completion_visit_landmark_weatherstation": 1,
        "completion_visit_landmark_islandlodge": 1,
        "completion_visit_landmark_waterfallgorge": 2,
        "completion_visit_landmark_canoerentals": 1,
        "completion_visit_landmark_mountainvault": 1,
        "completion_visit_landmark_swampville": 2,
        "completion_visit_landmark_cliffsideruinedhouses": 1,
        "completion_visit_landmark_sawmill": 2,
        "completion_visit_landmark_pipeplayground": 2,
        "completion_visit_landmark_pipeperson": 1,
        "completion_visit_landmark_hayhillbilly": 1,
        "completion_visit_landmark_lawnmowerraces": 1,
        "completion_visit_landmark_shipwreckcove": 1,
        "completion_visit_landmark_tallestmountain": 1,
        "completion_visit_landmark_beachbus": 2,
        "completion_visit_landmark_bobsbluff": 2,
        "completion_visit_landmark_buoyboat": 1,
        "completion_visit_landmark_chair": 1,
        "completion_visit_landmark_forkknifetruck": 1,
        "completion_visit_landmark_durrrburgertruck": 1,
        "completion_visit_landmark_snowconetruck": 1,
        "completion_visit_landmark_pizzapetetruck": 1,
        "completion_visit_landmark_beachrentals": 2,
        "completion_visit_landmark_overgrownheads": 2,
        "completion_visit_landmark_loverslookout": 1,
        "completion_visit_landmark_toiletthrone": 1,
        "completion_visit_landmark_hatch_a": 2,
        "completion_visit_landmark_hatch_b": 1,
        "completion_visit_landmark_hatch_c": 2,
        "completion_visit_landmark_bigbridgeblue": 1,
        "completion_visit_landmark_bigbridgered": 1,
        "completion_visit_landmark_bigbridgeyellow": 1,
        "completion_visit_landmark_bigbridgegreen": 1,
        "completion_visit_landmark_bigbridgepurple": 2,
        "completion_visit_landmark_captaincarpstruck": 1,
        "completion_visit_landmark_mountf8": 1,
        "completion_visit_landmark_mounth7": 1,
        "completion_visit_landmark_basecamphotel": 1,
        "completion_visit_landmark_basecampfoxtrot": 1,
        "completion_visit_landmark_basecampgolf": 1,
        "completion_visit_landmark_lazylakeisland": 2,
        "completion_visit_landmark_boatlaunch": 1,
        "completion_visit_landmark_crashedcargo": 2,
        "completion_visit_landmark_homelyhills": 1,
        "completion_visit_landmark_flopperpond": 2,
        "completion_visit_landmark_hilltophouse": 1,
        "completion_visit_landmark_stackshack": 1,
        "completion_visit_landmark_unremarkableshack": 2,
        "completion_visit_landmark_rapidsrest": 1,
        "completion_visit_landmark_stumpyridge": 1,
        "completion_visit_landmark_corruptedisland": 1,
        "completion_visit_landmark_bushface": 1,
        "completion_visit_landmark_mountaindanceclub": 1,
        "completion_visit_landmark_icechair": 1,
        "completion_visit_landmark_icehotel": 1,
        "completion_visit_landmark_toyfactory": 1,
        "completion_visit_landmark_iceblockfactory": 1,
        "completion_visit_landmark_crackshotscabin": 1,
        "completion_visit_landmark_agencyhq": 1,
        "completion_visit_landmark_spybase_undergroundsoccerfield": 1,
        "completion_visit_landmark_spybase_undergroundgasstation": 1,
        "completion_visit_landmark_suburban_abandonedhouse": 1,
        "completion_visit_landmark_remotehouse": 1,
        "completion_visit_landmark_fishfarm": 1,
        "completion_visit_landmark_sirenisland": 1,
        "completion_visit_landmark_boatsales": 1,
        "completion_visit_landmark_boatrace": 1,
        "completion_visit_landmark_theyacht2": 1,
        "completion_visit_landmark_toilettitan": 1,
        "completion_visit_landmark_highhoop": 1,
        "completion_visit_landmark_pizzapitbarge": 1,
        "completion_visit_landmark_trophy": 1,
        "completion_visit_namedpoi_spybase_oilrig": 2,
        "completion_visit_namedpoi_spybase_yacht": 2,
        "completion_visit_namedpoi_spybase_mountainbase": 1,
        "completion_visit_namedpoi_spybase_shark": 2,
        "completion_visit_landmark_spybase_undergroundradiostation": 1,
        "completion_visit_landmark_spybase_boxfactory": 1,
        "completion_visit_landmark_spybase_teddybearspies": 1,
        "completion_visit_landmark_spybase_recruitmentofficeego": 1,
        "completion_visit_landmark_spybase_recruitmentofficealter": 1,
        "completion_visit_landmark_spybase_spyobstaclecourse": 1,
        "completion_visit_landmark_sharkremains": 1,
        "completion_visit_landmark_restaurantgas": 2,
        "completion_visit_landmark_carman": 1,
        "completion_visit_landmark_spybase_grottoruins": 1,
        "completion_visit_landmark_sentinelgraveyard": 1,
        "completion_visit_landmark_tantorsphere": 1,
        "completion_visit_landmark_bigdoghouse": 1,
        "completion_visit_landmark_onyxsphere": 1,
        "completion_visit_landmark_dateroom": 1,
        "completion_visit_landmark_awakestatue": 1,
        "completion_visit_landmark_datehouse": 1,
        "completion_visit_landmark_throne": 1,
        "completion_visit_landmark_lawoffice": 1,
        "completion_visit_landmark_ruin": 1,
        "completion_visit_landmark_friendmonument": 1,
        "completion_visit_landmark_workshop": 1,
        "completion_visit_landmark_heroespark": 1,
        "completion_visit_landmark_turbo": 1,
        "completion_visit_landmark_jetlanding_01": 1,
        "completion_visit_landmark_jetlanding_02": 1,
        "completion_visit_landmark_jetlanding_04": 1,
        "completion_visit_landmark_jetlanding_05": 1,
        "completion_visit_landmark_jetlanding_06": 1,
        "completion_visit_landmark_jetlanding_07": 1,
        "completion_visit_landmark_jetlanding_08": 1,
        "completion_visit_landmark_jetlanding_09": 1,
        "completion_visit_landmark_jetlanding_10": 1,
        "completion_visit_landmark_jetlanding_11": 1,
        "completion_visit_landmark_jetlanding_12": 1,
        "completion_visit_landmark_jetlanding_13": 1,
        "completion_visit_landmark_jetlanding_14": 1,
        "completion_visit_landmark_jetlanding_15": 1,
        "completion_visit_landmark_jetlanding_16": 1,
        "completion_visit_landmark_jetlanding_17": 1,
        "completion_visit_landmark_bstore": 1,
        "completion_visit_landmark_cabin": 1,
        "completion_visit_landmark_flushfactory": 1,
        "completion_visit_landmark_steelfarm": 1,
        "completion_visit_landmark_tomatotown": 1,
        "completion_visit_landmark_greasygrove": 1,
        "completion_visit_landmark_vikingvillage": 1,
        "completion_visit_landmark_sheriffoffice": 1,
        "completion_visit_landmark_cosmoscrashsite": 1,
        "completion_visit_landmark_dustydepot": 1,
        "completion_visit_landmark_butterbarn": 1,
        "completion_visit_landmark_zpoint": 1,
        "completion_visit_landmark_noahhouse": 1,
        "completion_visit_landmark_kitskantina": 1,
        "completion_visit_landmark_iohub_d1": 1,
        "completion_visit_landmark_iohub_e6": 1,
        "completion_visit_landmark_iohub_f4": 1,
        "completion_visit_landmark_crashedhelicopter": 1,
        "completion_visit_landmark_arenafloor4": 1,
        "completion_visit_landmark_arenafloor3": 1,
        "completion_visit_landmark_arenafloor1": 1,
        "completion_visit_landmark_arenafloor5": 1,
        "completion_visit_landmark_holidaystore": 1,
        "completion_visit_landmark_outpost_alpha": 1,
        "completion_visit_landmark_outpost_beta": 1,
        "completion_visit_landmark_outpost_charlie": 1,
        "completion_visit_landmark_outpost_delta": 1,
        "completion_visit_landmark_outpost_echo": 1,
        "completion_visit_landmark_outpost_outsidetower1": 1,
        "completion_visit_landmark_outpost_outsidetower2": 1,
        "completion_visit_landmark_outpost_outsidetower3": 1,
        "completion_visit_landmark_outpost_outsidetower4": 1,
        "completion_visit_landmark_outpost_outsidetower5": 1,
        "completion_visit_landmark_outpost_outsidetower6": 1,
        "completion_visit_landmark_outpost_primalpond": 1,
        "completion_visit_landmark_outpost_rockface": 1,
        "completion_visit_landmark_outpost_cattycornergarage": 1,
        "completion_visit_landmark_outpost_goldenisland": 1,
        "completion_visit_landmark_radardish_01": 1,
        "completion_visit_landmark_radardish_02": 1,
        "completion_visit_landmark_radardish_03": 1,
        "completion_visit_landmark_radardish_04": 1,
        "completion_visit_landmark_radardish_05": 1,
        "completion_visit_landmark_radardish_06": 1,
        "completion_visit_landmark_radardish_07": 1,
        "completion_visit_landmark_towerruins": 2,
        "completion_visit_landmark_hiddenufo_01": 1,
        "completion_visit_landmark_hiddenufo_02": 1,
        "completion_visit_landmark_hiddenufo_03": 1,
        "completion_visit_landmark_hiddenufo_04": 1,
        "completion_visit_landmark_hiddenufo_05": 1,
        "completion_visit_landmark_crashsite_01": 1,
        "completion_visit_landmark_crashsite_02": 1,
        "completion_visit_landmark_crashsite_03": 1,
        "completion_visit_landmark_crashsite_04": 1,
        "completion_visit_landmark_crashsite_05": 1,
        "completion_visit_landmark_friendlycube": 1,
        "completion_visit_landmark_outpost_01": 1,
        "completion_visit_landmark_outpost_02": 1,
        "completion_visit_landmark_outpost_03": 1,
        "completion_visit_landmark_outpost_04": 1,
        "completion_visit_landmark_outpost_05": 1,
        "completion_visit_landmark_convoy_01": 1,
        "completion_visit_landmark_convoy_02": 1,
        "completion_visit_landmark_convoy_03": 1,
        "completion_visit_landmark_convoy_04": 1,
        "completion_visit_landmark_convoy_05": 1,
        "completion_visit_landmark_convoy_06": 1,
        "completion_visit_landmark_convoy_07": 1,
        "completion_visit_landmark_convoy_08": 1,
        "completion_visit_landmark_convoy_09": 1,
        "completion_visit_landmark_convoy_10": 1,
        "completion_visit_namedpoi_glasscases": 1,
        "completion_visit_namedpoi_tomatosphere": 1,
        "completion_visit_namedpoi_tomatowater": 1,
        "completion_visit_namedpoi_tomatohouse": 1,
        "completion_visit_namedpoi_riskyreels": 1,
        "completion_visit_namedpoi_spybase_oilrig_reset_0": 1,
        "completion_visit_landmark_militarycamp_01": 1,
        "completion_visit_landmark_militarycamp_02": 1,
        "completion_visit_landmark_militarycamp_03": 1,
        "completion_visit_landmark_militarycamp_04": 1,
        "completion_visit_landmark_militarycamp_05": 1,
        "completion_visit_landmark_galileosite1": 1,
        "completion_visit_landmark_galileosite2": 1,
        "completion_visit_landmark_galileosite3": 1,
        "completion_visit_landmark_galileosite4": 1,
        "completion_visit_landmark_galileosite5": 1,
        "completion_visit_landmark_pirateradioboat": 1,
        "completion_visit_landmark_arkbarge": 1,
        "completion_visit_landmark_fishrestaurantbarge1": 1,
        "completion_visit_landmark_fishrestaurantbarge2": 1,
        "completion_visit_landmark_wagontrail": 1,
        "completion_visit_landmark_pawnbarge": 1,
        "completion_visit_landmark_partybarge": 1,
        "completion_visit_landmark_piratebarge": 1,
        "completion_visit_landmark_floodedweepingwoods": 1,
        "completion_visit_landmark_spybase_floodeddirtydocks": 1,
        "completion_visit_landmark_spybase_floodedcraggycliffs": 1,
        "completion_visit_landmark_witch1": 1,
        "completion_visit_landmark_witch2": 1,
        "completion_visit_landmark_witch3": 1,
        "completion_visit_landmark_witch4": 1,
        "completion_visit_landmark_witch5": 1,
        "completion_visit_landmark_witch6": 1,
        "completion_visit_landmark_witch7": 1,
        "completion_visit_landmark_booshop": 1,
        "completion_visit_papaya_theater": 1,
        "completion_visit_papaya_thehub": 1,
        "completion_visit_papaya_mainstage": 1,
        "completion_visit_papaya_soccerfield": 1,
        "completion_visit_papaya_fishingpond": 1,
        "completion_visit_papaya_secretbeach": 1,
        "completion_visit_papaya_giantskeleton": 1,
        "completion_visit_papaya_boatramps": 1,
        "completion_visit_papaya_piratecove": 1,
        "completion_visit_papaya_boatraceeast": 1,
        "completion_visit_papaya_boatracesouth": 1,
        "completion_visit_papaya_gliderdrop": 1,
        "completion_visit_papaya_obstaclecourse": 1,
        "completion_visit_papaya_racecenter": 1,
        "completion_visit_papaya_mountainpeak": 1,
        "completion_visit_boogieboat": 1,
        "completion_impossible_landmark_of_permanence": 9001
      },
      "quantity": 1
    },
    "Quest:quest_s11_discover_namedlocations": {
      "templateId": "Quest:quest_s11_discover_namedlocations",
      "attributes": {
        "creation_time": "2018-04-30T00:00:00.000Z",
        "level": -1,
        "item_seen": true,
        "playlists": [],
        "sent_new_notification": true,
        "challenge_bundle_id": "",
        "xp_reward_scalar": 1,
        "challenge_linked_quest_given": "",
        "quest_pool": "",
        "quest_state": "Claimed",
        "bucket": "",
        "last_state_change_time": "2018-04-30T00:00:00.000Z",
        "challenge_linked_quest_parent": "",
        "max_level_bonus": 0,
        "xp": 0,
        "quest_rarity": "uncommon",
        "favorite": false,
        "completion_visit_location_beachybluffs": 2,
        "completion_visit_location_dirtydocks": 2,
        "completion_visit_location_frenzyfarm": 2,
        "completion_visit_location_hollyhedges": 1,
        "completion_visit_location_hollyhedgesupdate": 1,
        "completion_visit_location_lazylake": 1,
        "completion_visit_location_mountainmeadow": 1,
        "completion_visit_location_powerplant": 2,
        "completion_visit_location_slurpyswamp": 2,
        "completion_visit_location_sunnyshores": 3,
        "completion_visit_location_weepingwoods": 3,
        "completion_visit_location_retailrow": 1,
        "completion_visit_location_saltysprings": 2,
        "completion_visit_location_pleasantpark": 3,
        "completion_visit_location_fortilla": 1,
        "completion_visit_location_oilrigislands": 1,
        "completion_visit_location_shadowagency": 2,
        "completion_visit_location_cattycorner": 1,
        "completion_visit_location_carl": 1,
        "completion_visit_location_tomatolab": 1,
        "completion_visit_location_nightmarejungle": 1,
        "completion_visit_location_thecoliseum": 1,
        "completion_visit_location_huntershaven": 1,
        "completion_visit_location_saltytowers": 2,
        "completion_visit_location_heroesharvest": 1,
        "completion_visit_location_maintower": 1,
        "completion_visit_location_governmentcomplex": 1,
        "completion_impossible_poi_of_permanence": 9001
      },
      "quantity": 1
    },
    "Quest:quest_c3_discover_landmarks": {
      "templateId": "Quest:quest_c3_discover_landmarks",
      "attributes": {
        "creation_time": "2018-04-30T00:00:00.000Z",
        "level": -1,
        "item_seen": true,
        "playlists": [],
        "sent_new_notification": true,
        "challenge_bundle_id": "",
        "xp_reward_scalar": 1,
        "challenge_linked_quest_given": "",
        "quest_pool": "",
        "quest_state": "Claimed",
        "bucket": "",
        "last_state_change_time": "2018-04-30T00:00:00.000Z",
        "challenge_linked_quest_parent": "",
        "max_level_bonus": 0,
        "xp": 0,
        "quest_rarity": "uncommon",
        "favorite": false,
        "completion_visit_location_ch3_lm_wreckravine": 1,
        "completion_visit_location_ch3_lm_windpowerbuilding": 1,
        "completion_visit_location_ch3_lm_windmillfarm": 1,
        "completion_visit_location_ch3_lm_volcanomonitoringstation": 1,
        "completion_visit_location_ch3_lm_villageshack": 1,
        "completion_visit_location_ch3_lm_vanlife": 1,
        "completion_visit_location_ch3_lm_tinytimbertent": 1,
        "completion_visit_location_ch3_lm_templestairs": 1,
        "completion_visit_location_ch3_lm_sunnystepruin": 1,
        "completion_visit_location_ch3_lm_smalltemple": 1,
        "completion_visit_location_ch3_lm_smallmine": 1,
        "completion_visit_location_ch3_lm_skypirateship": 1,
        "completion_visit_location_ch3_lm_sinkhole": 1,
        "completion_visit_location_ch3_lm_shroomstation": 1,
        "completion_visit_location_ch3_lm_sevenresearchlab_3": 1,
        "completion_visit_location_ch3_lm_sevenresearchlab_2": 1,
        "completion_visit_location_ch3_lm_sevenresearchlab_1": 1,
        "completion_visit_location_ch3_lm_sevenfb_07": 1,
        "completion_visit_location_ch3_lm_sevenfb_06": 1,
        "completion_visit_location_ch3_lm_sevenfb_05": 1,
        "completion_visit_location_ch3_lm_sevenfb_04": 1,
        "completion_visit_location_ch3_lm_sevenfb_03": 1,
        "completion_visit_location_ch3_lm_sevenfb_02": 1,
        "completion_visit_location_ch3_lm_sevenfb_01": 1,
        "completion_visit_location_ch3_lm_seven_rockrock": 3,
        "completion_visit_location_ch3_lm_seven_rocketbase": 1,
        "completion_visit_location_ch3_lm_rustycarbeach": 1,
        "completion_visit_location_ch3_lm_ruralgasstation": 1,
        "completion_visit_location_ch3_lm_ruinedtempletropical": 1,
        "completion_visit_location_ch3_lm_ruinedtemplejungle": 3,
        "completion_visit_location_ch3_lm_rockmounds": 1,
        "completion_visit_location_ch3_lm_rentallodge": 2,
        "completion_visit_location_ch3_lm_raptorfarmhouse": 1,
        "completion_visit_location_ch3_lm_rangertower": 1,
        "completion_visit_location_ch3_lm_radiotower": 1,
        "completion_visit_location_ch3_lm_puddlepond": 1,
        "completion_visit_location_ch3_lm_powertower": 1,
        "completion_visit_location_ch3_lm_plantnursery": 2,
        "completion_visit_location_ch3_lm_piraterowboat": 1,
        "completion_visit_location_ch3_lm_pinnaclepeak": 1,
        "completion_visit_location_ch3_lm_pawntoon": 3,
        "completion_visit_location_ch3_lm_partyblimp": 1,
        "completion_visit_location_ch3_lm_paracon5": 1,
        "completion_visit_location_ch3_lm_paracon4": 1,
        "completion_visit_location_ch3_lm_paracon3": 1,
        "completion_visit_location_ch3_lm_paracon2": 1,
        "completion_visit_location_ch3_lm_paracon1": 1,
        "completion_visit_location_ch3_lm_nosweathq": 1,
        "completion_visit_location_ch3_lm_mushroomvillage": 1,
        "completion_visit_location_ch3_lm_mushroomfarm": 1,
        "completion_visit_location_ch3_lm_meowsculescabin": 1,
        "completion_visit_location_ch3_lm_lootlakeisland": 1,
        "completion_visit_location_ch3_lm_lootlakehouse": 1,
        "completion_visit_location_ch3_lm_lootlake": 2,
        "completion_visit_location_ch3_lm_looperlanding": 1,
        "completion_visit_location_ch3_lm_loggingshack": 1,
        "completion_visit_location_ch3_lm_loggingdock": 1,
        "completion_visit_location_ch3_lm_llamafarm": 1,
        "completion_visit_location_ch3_lm_lighthouse": 3,
        "completion_visit_location_ch3_lm_kayakcampsite": 1,
        "completion_visit_location_ch3_lm_io_outpost05": 1,
        "completion_visit_location_ch3_lm_io_outpost04": 1,
        "completion_visit_location_ch3_lm_io_outpost03": 1,
        "completion_visit_location_ch3_lm_io_outpost02": 1,
        "completion_visit_location_ch3_lm_io_outpost01": 1,
        "completion_visit_location_ch3_lm_io_ds_05": 1,
        "completion_visit_location_ch3_lm_io_ds_04": 1,
        "completion_visit_location_ch3_lm_io_ds_03": 1,
        "completion_visit_location_ch3_lm_io_ds_02": 1,
        "completion_visit_location_ch3_lm_io_ds_01": 1,
        "completion_visit_location_ch3_lm_io_dblimp05": 1,
        "completion_visit_location_ch3_lm_io_dblimp04": 1,
        "completion_visit_location_ch3_lm_io_dblimp03": 1,
        "completion_visit_location_ch3_lm_io_dblimp02": 1,
        "completion_visit_location_ch3_lm_io_dblimp01": 1,
        "completion_visit_location_ch3_lm_io_blimp05": 1,
        "completion_visit_location_ch3_lm_io_blimp04": 1,
        "completion_visit_location_ch3_lm_io_blimp03": 1,
        "completion_visit_location_ch3_lm_io_blimp02": 1,
        "completion_visit_location_ch3_lm_io_blimp01": 1,
        "completion_visit_location_ch3_lm_impossiblerock": 1,
        "completion_visit_location_ch3_lm_horseshoebend": 1,
        "completion_visit_location_ch3_lm_hiddenvillage": 1,
        "completion_visit_location_ch3_lm_henchhut": 1,
        "completion_visit_location_ch3_lm_geysergulch": 1,
        "completion_visit_location_ch3_lm_frostyfields": 1,
        "completion_visit_location_ch3_lm_floatingvault6": 1,
        "completion_visit_location_ch3_lm_floatingvault5": 1,
        "completion_visit_location_ch3_lm_floatingvault4": 1,
        "completion_visit_location_ch3_lm_floatingvault3": 1,
        "completion_visit_location_ch3_lm_floatingvault2": 1,
        "completion_visit_location_ch3_lm_floatingvault1": 1,
        "completion_visit_location_ch3_lm_floatinghermit": 1,
        "completion_visit_location_ch3_lm_fishyisland": 1,
        "completion_visit_location_ch3_lm_fishingshacks": 1,
        "completion_visit_location_ch3_lm_fishingshack": 1,
        "completion_visit_location_ch3_lm_fernisle": 1,
        "completion_visit_location_ch3_lm_fancymansion": 2,
        "completion_visit_location_ch3_lm_drillhill": 1,
        "completion_visit_location_ch3_lm_dockingbay05": 1,
        "completion_visit_location_ch3_lm_dockingbay04": 1,
        "completion_visit_location_ch3_lm_dockingbay03": 1,
        "completion_visit_location_ch3_lm_dockingbay02": 2,
        "completion_visit_location_ch3_lm_dockingbay01": 1,
        "completion_visit_location_ch3_lm_dirttrack": 1,
        "completion_visit_location_ch3_lm_desertoasis": 1,
        "completion_visit_location_ch3_lm_desertmansion": 1,
        "completion_visit_location_ch3_lm_desertarch": 1,
        "completion_visit_location_ch3_lm_densemushroomgrove": 1,
        "completion_visit_location_ch3_lm_deadtreepond": 1,
        "completion_visit_location_ch3_lm_crazycactus": 1,
        "completion_visit_location_ch3_lm_crater03": 1,
        "completion_visit_location_ch3_lm_crater02": 1,
        "completion_visit_location_ch3_lm_crater01": 1,
        "completion_visit_location_ch3_lm_crackshotscabin": 2,
        "completion_visit_location_ch3_lm_cliffhouse": 2,
        "completion_visit_location_ch3_lm_clams": 1,
        "completion_visit_location_ch3_lm_cauliflower": 1,
        "completion_visit_location_ch3_lm_cattus": 1,
        "completion_visit_location_ch3_lm_butterbarn": 2,
        "completion_visit_location_ch3_lm_burieddeserttown": 1,
        "completion_visit_location_ch3_lm_bobshouse": 1,
        "completion_visit_location_ch3_lm_boatrentals": 1,
        "completion_visit_location_ch3_lm_boatclub": 2,
        "completion_visit_location_ch3_lm_blockhouse": 1,
        "completion_visit_location_ch3_lm_birdingdunes": 1,
        "completion_visit_location_ch3_lm_bigtree": 1,
        "completion_visit_location_ch3_lm_bigbridge": 1,
        "completion_visit_location_ch3_lm_beachshacks": 1,
        "completion_visit_location_ch3_lm_beachparty": 1,
        "completion_visit_location_ch3_lm_beachcarpark": 1,
        "completion_visit_location_ch3_lm_adrift": 1,
        "completion_quest_c3_discover_landmarks_sleepyshrubs": 1,
        "completion_quest_c3_discover_landmarks_runway": 1,
        "completion_quest_c3_discover_landmarks_realityroots": 1,
        "completion_quest_c3_discover_landmarks_lushlogs": 1,
        "completion_quest_c3_discover_landmarks_joels": 1,
        "completion_quest_c3_discover_landmarks_floatingmineshaft": 1,
        "completion_quest_c3_discover_landmarks_deadcabin": 1,
        "completion_quest_c3_discover_landmarks_chopshop": 1,
        "completion_quest_c3_discover_landmarks_bungalowblooms": 2,
        "completion_quest_c3_discover_landmarks_biggas": 1,
        "completion_impossible_landmark_of_permanence_ch3": 9001
      },
      "quantity": 1
    },
    "Quest:quest_c3_discover_namedlocations": {
      "templateId": "Quest:quest_c3_discover_namedlocations",
      "attributes": {
        "creation_time": "2018-04-30T00:00:00.000Z",
        "level": -1,
        "item_seen": true,
        "playlists": [],
        "sent_new_notification": true,
        "challenge_bundle_id": "",
        "xp_reward_scalar": 1,
        "challenge_linked_quest_given": "",
        "quest_pool": "",
        "quest_state": "Claimed",
        "bucket": "",
        "last_state_change_time": "2018-04-30T00:00:00.000Z",
        "challenge_linked_quest_parent": "",
        "max_level_bonus": 0,
        "xp": 0,
        "quest_rarity": "uncommon",
        "favorite": false,
        "completion_visit_location_ch3_tiltedtowers": 3,
        "completion_visit_location_ch3_thetower": 1,
        "completion_visit_location_ch3_thejoneses": 2,
        "completion_visit_location_ch3_thefortress": 1,
        "completion_visit_location_ch3_synapsestation": 1,
        "completion_visit_location_ch3_sleepysound": 2,
        "completion_visit_location_ch3_shuffledshrines": 5,
        "completion_visit_location_ch3_shiftyshafts": 1,
        "completion_visit_location_ch3_scientistlab": 1,
        "completion_visit_location_ch3_sanctuary": 1,
        "completion_visit_location_ch3_rockyreels": 2,
        "completion_visit_location_ch3_logjam": 5,
        "completion_visit_location_ch3_lazylagoon": 4,
        "completion_visit_location_ch3_heraldfortress": 1,
        "completion_visit_location_ch3_greasygrove": 2,
        "completion_visit_location_ch3_dailybugle": 4,
        "completion_visit_location_ch3_creamycrossroads": 3,
        "completion_visit_location_ch3_covertcavern": 3,
        "completion_visit_location_ch3_condocanyon": 3,
        "completion_visit_location_ch3_chromerealitytree": 2,
        "completion_visit_location_ch3_chonkersspeedway": 1,
        "completion_visit_location_ch3_campcuddles": 2,
        "completion_visit_location_ch3_airbornebutterbarn": 5,
        "completion_impossible_poi_of_permanence_ch3": 9001
      },
      "quantity": 1
    },
    "Quest:quest_c4_discover_landmarks": {
      "templateId": "Quest:quest_c4_discover_landmarks",
      "attributes": {
        "creation_time": "2018-04-30T00:00:00.000Z",
        "level": -1,
        "item_seen": true,
        "playlists": [],
        "sent_new_notification": true,
        "challenge_bundle_id": "",
        "xp_reward_scalar": 1,
        "challenge_linked_quest_given": "",
        "quest_pool": "",
        "quest_state": "Claimed",
        "bucket": "",
        "last_state_change_time": "2018-04-30T00:00:00.000Z",
        "challenge_linked_quest_parent": "",
        "max_level_bonus": 0,
        "xp": 0,
        "quest_rarity": "uncommon",
        "favorite": false,
        "completion_quest_c4_discover_landmarks_iodrill": 1,
        "completion_quest_c4_discover_landmarks_isolatedknighttower": 1,
        "completion_quest_c4_discover_landmarks_cuddletrack": 1,
        "completion_quest_c4_discover_landmarks_slapstation": 3,
        "completion_quest_c4_discover_landmarks_hiddenruin": 1,
        "completion_quest_c4_discover_landmarks_guardedvillage": 1,
        "completion_quest_c4_discover_landmarks_smallfarm": 1,
        "completion_quest_c4_discover_landmarks_islandhomes": 1,
        "completion_quest_c4_discover_landmarks_trailerpark": 1,
        "completion_quest_c4_discover_landmarks_smallfarm2": 1,
        "completion_quest_c4_discover_landmarks_hillhouse": 1,
        "completion_quest_c4_discover_landmarks_amberforest": 1,
        "completion_quest_c4_discover_landmarks_coastaltower": 1,
        "completion_quest_c4_discover_landmarks_treefragment": 1,
        "completion_quest_c4_discover_landmarks_smallquarrydock": 1,
        "completion_quest_c4_discover_landmarks_islandtower": 1,
        "completion_quest_c4_discover_landmarks_blacksmithspring": 1,
        "completion_quest_c4_discover_landmarks_castletower1": 1,
        "completion_quest_c4_discover_landmarks_castletower2": 1,
        "completion_quest_c4_discover_landmarks_riftgatetower": 1,
        "completion_quest_c4_discover_landmarks_village": 1,
        "completion_quest_c4_discover_landmarks_battlements": 1,
        "completion_quest_c4_discover_landmarks_icecaverns": 1,
        "completion_quest_c4_discover_landmarks_denseforest": 1,
        "completion_quest_c4_discover_landmarks_windycanyon": 1,
        "completion_quest_c4_discover_landmarks_frozenfrog": 1,
        "completion_quest_c4_discover_landmarks_frozenwaterfall": 1,
        "completion_quest_c4_discover_landmarks_bigicelake": 1,
        "completion_quest_c4_discover_landmarks_snowshelter": 1,
        "completion_quest_c4_discover_landmarks_buriedvillage": 1,
        "completion_quest_c4_discover_landmarks_templeoutpost1": 1,
        "completion_quest_c4_discover_landmarks_templeoutpost2": 1,
        "completion_quest_c4_discover_landmarks_templeoutpost3": 1,
        "completion_quest_c4_discover_landmarks_templeoutpost4": 1,
        "completion_quest_c4_discover_landmarks_coastalcontainers": 1,
        "completion_quest_c4_discover_landmarks_fueldocks": 1,
        "completion_quest_c4_discover_landmarks_mountainsummit": 1,
        "completion_quest_c4_discover_landmarks_fishyiceberg": 1,
        "completion_quest_c4_discover_landmarks_eyelake": 1,
        "completion_quest_c4_discover_landmarks_tinytown": 1,
        "completion_quest_c4_discover_landmarks_southernisle": 1,
        "completion_quest_c4_discover_landmarks_coastalgas": 1,
        "completion_quest_c4_discover_landmarks_knightfuel": 1,
        "completion_quest_c4_discover_landmarks_towerpoint": 1,
        "completion_quest_c4_discover_landmarks_greengas": 1,
        "completion_quest_c4_discover_landmarks_mansion": 1,
        "completion_quest_c4_discover_landmarks_icebarge": 1,
        "completion_quest_c4_discover_landmarks_crackshotscabin": 1,
        "completion_quest_c4_discover_landmarks_windpagoda": 1,
        "completion_quest_c4_discover_landmarks_thunderpagoda": 1,
        "completion_quest_c4_discover_landmarks_firepagoda": 1,
        "completion_quest_c4_discover_landmarks_lighthousewest": 1,
        "completion_quest_c4_discover_landmarks_lighthouseeast": 1,
        "completion_quest_c4_discover_landmarks_neonbaybridge": 1,
        "completion_quest_c4_discover_landmarks_dojovillage": 1,
        "completion_quest_c4_discover_landmarks_bambooduelingring": 1,
        "completion_quest_c4_discover_landmarks_cherryduelingring": 1,
        "completion_quest_c4_discover_landmarks_collabduelingring": 1,
        "completion_quest_c4_discover_landmarks_bambooboulders": 1,
        "completion_quest_c4_discover_landmarks_windchimes": 1,
        "completion_quest_c4_discover_landmarks_cedarduelingring": 1,
        "completion_quest_c4_discover_landmarks_genshingas": 1,
        "completion_quest_c4_discover_landmarks_muddymounds": 1,
        "completion_quest_c4_discover_landmarks_driftcartrack": 1,
        "completion_quest_c4_discover_landmarks_lighthousesouth": 1,
        "completion_quest_c4_discover_landmarks_bambooisland": 1,
        "completion_quest_c4_discover_landmarks_cliffthemountain": 1,
        "completion_quest_c4_discover_landmarks_boat": 1,
        "completion_quest_c4_discover_landmarks_kazecanyon": 1,
        "completion_quest_c4_discover_landmarks_bamboopond": 1,
        "completion_quest_c4_discover_landmarks_loggingcamp": 1,
        "completion_quest_c4_discover_landmarks_smallisland": 1,
        "completion_quest_c4_discover_landmarks_beachduelingring": 1,
        "completion_quest_c4_discover_landmarks_bamboolake": 1,
        "completion_quest_c4_discover_landmarks_clearradiusbasement": 1,
        "completion_quest_c4_discover_landmarks_amanastones2": 1,
        "completion_quest_c4_discover_landmarks_amanastones3": 1,
        "completion_quest_c4_discover_landmarks_jungletemplenorth": 1,
        "completion_quest_c4_discover_landmarks_hiddentemple": 1,
        "completion_quest_c4_discover_landmarks_jungletemplesouth": 1,
        "completion_quest_c4_discover_landmarks_theapparatus": 1,
        "completion_quest_c4_discover_landmarks_cargocrash": 1,
        "completion_quest_c4_discover_landmarks_kapokcove": 1,
        "completion_quest_c4_discover_landmarks_lagoon": 1,
        "completion_quest_c4_discover_landmarks_squadhq": 1,
        "completion_quest_c4_discover_landmarks_innersanctum": 1,
        "completion_impossible_landmark_of_permanence_ch4": 9001
      },
      "quantity": 1
    },
    "Quest:quest_c4_discover_namedlocations": {
      "templateId": "Quest:quest_c4_discover_namedlocations",
      "attributes": {
        "creation_time": "2018-04-30T00:00:00.000Z",
        "level": -1,
        "item_seen": true,
        "playlists": [],
        "sent_new_notification": true,
        "challenge_bundle_id": "",
        "xp_reward_scalar": 1,
        "challenge_linked_quest_given": "",
        "quest_pool": "",
        "quest_state": "Claimed",
        "bucket": "",
        "last_state_change_time": "2018-04-30T00:00:00.000Z",
        "challenge_linked_quest_parent": "",
        "max_level_bonus": 0,
        "xp": 0,
        "quest_rarity": "uncommon",
        "favorite": false,
        "completion_visit_location_ch4_industrialtown": 1,
        "completion_quest_c4_discover_namedlocations_splittown": 1,
        "completion_quest_c4_discover_namedlocations_farm": 1,
        "completion_quest_c4_discover_namedlocations_fortaniumquarry": 1,
        "completion_quest_c4_discover_namedlocations_medievaltown": 1,
        "completion_quest_c4_discover_namedlocations_lightcastle": 1,
        "completion_quest_c4_discover_namedlocations_realityfortress": 1,
        "completion_quest_c4_discover_namedlocations_researchstation": 1,
        "completion_quest_c4_discover_namedlocations_northharbor": 1,
        "completion_quest_c4_discover_namedlocations_neoncity": 1,
        "completion_quest_c4_discover_namedlocations_mountaindojo": 1,
        "completion_quest_c4_discover_namedlocations_cherryblossomforest": 1,
        "completion_quest_c4_discover_namedlocations_fishingvillageisland": 1,
        "completion_quest_c4_discover_namedlocations_jungletemple": 1,
        "completion_quest_c4_discover_namedlocations_jungletown": 1,
        "completion_quest_c4_discover_namedlocations_junglecompound": 1,
        "completion_quest_c4_discover_namedlocations_estatelair": 1,
        "completion_quest_c4_discover_namedlocations_hotel": 1,
        "completion_quest_c4_discover_namedlocations_resort": 1,
        "completion_impossible_poi_of_permanence_ch4": 9001
      },
      "quantity": 1
    },
    "Quest:quest_rufus_discover_namedlocations": {
      "templateId": "Quest:quest_rufus_discover_namedlocations",
      "attributes": {
        "creation_time": "2018-04-30T00:00:00.000Z",
        "level": -1,
        "item_seen": true,
        "playlists": [],
        "sent_new_notification": true,
        "challenge_bundle_id": "",
        "xp_reward_scalar": 1,
        "challenge_linked_quest_given": "",
        "quest_pool": "",
        "quest_state": "Claimed",
        "bucket": "",
        "last_state_change_time": "2018-04-30T00:00:00.000Z",
        "challenge_linked_quest_parent": "",
        "max_level_bonus": 0,
        "xp": 0,
        "quest_rarity": "uncommon",
        "favorite": false,
        "completion_quest_rufus_discover_namedlocations_obj0": 1,
        "completion_quest_rufus_discover_namedlocations_obj1": 1,
        "completion_quest_rufus_discover_namedlocations_obj2": 1,
        "completion_quest_rufus_discover_namedlocations_obj3": 1,
        "completion_quest_rufus_discover_namedlocations_obj4": 1,
        "completion_quest_rufus_discover_namedlocations_obj5": 1,
        "completion_quest_rufus_discover_namedlocations_obj6": 1,
        "completion_quest_rufus_discover_namedlocations_obj7": 1,
        "completion_quest_rufus_discover_namedlocations_obj8": 1,
        "completion_quest_rufus_discover_namedlocations_obj9": 1,
        "completion_quest_rufus_discover_namedlocations_obj10": 1,
        "completion_quest_rufus_discover_namedlocations_obj11": 1,
        "completion_quest_rufus_discover_namedlocations_obj12": 1,
        "completion_quest_rufus_discover_namedlocations_obj13": 1,
        "completion_quest_rufus_discover_namedlocations_obj14": 1,
        "completion_quest_rufus_discover_namedlocations_obj15": 1,
        "completion_quest_rufus_discover_namedlocations_obj16": 1,
        "completion_quest_rufus_discover_namedlocations_obj17": 1,
        "completion_quest_rufus_discover_namedlocations_obj18": 1,
        "completion_quest_rufus_discover_namedlocations_obj19": 1,
        "completion_quest_rufus_discover_namedlocations_obj20": 9001,
        "completion_quest_rufus_discover_namedlocations_obj21": 1
      },
      "quantity": 1
    }
  },
  "stats": {
    "attributes": {
      "season_match_boost": 0,
      "loadouts": [
        "sandbox_loadout",
        "reload0-loadout"
      ],
      "rested_xp_overflow": 0,
      "mfa_reward_claimed": true,
      "quest_manager": {
        "dailyLoginInterval": "0001-01-01T00:00:00.000Z",
        "dailyQuestRerolls": 1
      },
      "book_level": 1,
      "season_num": 16,
      "season_update": 1,
      "book_xp": 1,
      "permissions": [],
      "book_purchased": false,
      "lifetime_wins": 0,
      "party_assist_quest": "",
      "purchased_battle_pass_tier_offers": [],
      "rested_xp_exchange": 0.333,
      "level": 1,
      "xp_overflow": 0,
      "rested_xp": 0,
      "rested_xp_mult": 0,
      "accountLevel": 0,
      "competitive_identity": {},
      "inventory_limit_bonus": 0,
      "last_applied_loadout": "sandbox_loadout",
      "daily_rewards": {},
      "xp": 0,
      "season_friend_match_boost": 1,
      "active_loadout_index": 1,
      "favorite_musicpack": "",
      "favorite_glider": "",
      "favorite_pickaxe": "",
      "favorite_skydivecontrail": "",
      "favorite_backpack": "",
      "pinned_quest": "",
      "favorite_dance": [
        "",
        "",
        "",
        "",
        "",
        ""
      ],
      "favorite_itemwraps": [],
      "favorite_character": "",
      "favorite_loadingscreen": ""
    }
  },
  "commandRevision": 5
}