{
  "//": "BR Item Shop Config",
  "daily1": {
    "itemGrants": [
      "AthenaCharacter:CID_670_Athena_Commando_F_ArcticCamo"
    ],
    "price": 800
  },
  "daily2": {
    "itemGrants": [
      "AthenaCharacter:Character_DecaSphere"
    ],
    "price": 1500
  },
  "daily3": {
    "itemGrants": [
      "AthenaDance:EID_Shaka"
    ],
    "price": 200
  },
  "daily4": {
    "itemGrants": [
      "AthenaBackpack:BID_416_BigChuggus"
    ],
    "price": 1200
  },
  "daily5": {
    "itemGrants": [
      "AthenaGlider:Glider_ID_114_IceQueen"
    ],
    "price": 800
  },
  "daily6": {
    "itemGrants": [
      "AthenaPickaxe:Pickaxe_ID_162_SkullBrite"
    ],
    "price": 800
  },
  "daily7": {
    "itemGrants": [
      "AthenaLoadingscreen:LoadingScreen_MissusMind_SuitSnow"
    ],
    "price": 200
  },
  "daily8": {
    "itemGrants": [
      "AthenaEmoji:Emoji_S14_HighTowerSquash"
    ],
    "price": 200
  },
  "featured1": {
    "itemGrants": [
      "AthenaCharacter:Character_BerryTartRiver"
    ],
    "price": 1500
  },
  "featured2": {
    "itemGrants": [
      "AthenaCharacter:CID_594_Athena_Commando_F_SoccerZombieB"
    ],
    "price": 1200
  },
  "featured3": {
    "itemGrants": [
      "AthenaDance:EID_DustOffShoulders"
    ],
    "price": 200
  },
  "featured4": {
    "itemGrants": [
      "AthenaBackpack:BID_333_Reverb"
    ],
    "price": 1500
  },
  "featured5": {
    "itemGrants": [
      "AthenaGlider:Glider_ID_003_District"
    ],
    "price": 500
  },
  "featured6": {
    "itemGrants": [
      "AthenaPickaxe:Pickaxe_ID_471_StreetFashionGarnetFemale"
    ],
    "price": 500
  },
  "featured7": {
    "itemGrants": [
      "AthenaLoadingscreen:LSID_012_S4Cumulative4"
    ],
    "price": 200
  }
}